City,Locality,Market_Segment
Bangalore,Aavalahalli,Standard
Bangalore,Abbigere,Standard
Bangalore,Agrahara Layout,Luxury
Bangalore,Aivarkhandpur,Standard
Bangalore,Akshayanagar,Matured
Bangalore,Amrutahalli,Standard
Bangalore,Anantapura,Standard
Bangalore,Anchepalya,Standard
Bangalore,Andrahalli,Standard
Bangalore,Anekal,Standard
Bangalore,Anjanapura Township,Standard
Bangalore,Annapurneshwari Nagar,Standard
Bangalore,Arakere,Standard
Bangalore,Attibele,Standard
Bangalore,Attibele Industrial Area,Standard
Bangalore,Attiguppe,Luxury
Bangalore,BTM Layout,Matured
Bangalore,Badamanavarthekaval,Luxury
Bangalore,Bagalakunte,Standard
Bangalore,Bagalur,Standard
Bangalore,Balagere,Standard
Bangalore,Banashankari,Matured
Bangalore,Banashankari 6th Stage 6th Block,Luxury
Bangalore,Banaswadi,Standard
Bangalore,Bangalore City Municipal Corporation Layout,Standard
Bangalore,Bannerughatta,Matured
Bangalore,Basapura,Standard
Bangalore,Basavanagudi,Luxury
Bangalore,Basavanapura,Luxury
Bangalore,Basaveshwara Nagar,Luxury
Bangalore,Battarahalli,Standard
Bangalore,Bedarahalli,Standard
Bangalore,Begur,Standard
Bangalore,Bellandur,Standard
Bangalore,Benson Town,Luxury
Bangalore,Bettadasanapura,Standard
Bangalore,Bharat Nagar,Luxury
Bangalore,Bhoganhalli,Luxury
Bangalore,Bikasipura,Standard
Bangalore,Bilekahalli,Standard
Bangalore,Binnipete,Luxury
Bangalore,Bisuvanahalli,Standard
Bangalore,Bommanahalli,Matured
Bangalore,Bommasandra,Matured
Bangalore,Bommenahalli,Standard
Bangalore,Brookefield,Standard
Bangalore,Budigere,Standard
Bangalore,Byagadadhenahalli,Standard
Bangalore,C V Raman Nagar,Standard
Bangalore,Chamrajpet,Luxury
Bangalore,Chandapura,Matured
Bangalore,Chandra Layout Extension,Luxury
Bangalore,Chansandra,Standard
Bangalore,Cheemasandra,Standard
Bangalore,Chikbanavara,Standard
Bangalore,Chikkaballapura,Standard
Bangalore,Chikkalasandra,Standard
Bangalore,Chikkathoguru Village,Standard
Bangalore,Chokkanahalli,Standard
Bangalore,Choodasandra,Standard
Bangalore,Cooke Town,Luxury
Bangalore,Cottonpet,Luxury
Bangalore,Cox Town,Standard
Bangalore,Dasanapura,Standard
Bangalore,Dasarahalli,Standard
Bangalore,Devanahalli,Standard
Bangalore,Devarachikkana Halli,Standard
Bangalore,Devinagar,Standard
Bangalore,Dodda Banaswadi,Luxury
Bangalore,Doddaballapura,Standard
Bangalore,Doddabommasandra,Standard
Bangalore,Doddakammanahalli,Standard
Bangalore,Doddakannelli,Standard
Bangalore,Dommasandra,Standard
Bangalore,Dooravani Nagar,Standard
Bangalore,Ejipura,Standard
Bangalore,Electronic City,Matured
Bangalore,Electronic City Phase II,Matured
Bangalore,Essel Gardens,Standard
Bangalore,Frazer Town,Luxury
Bangalore,GB Palya,Luxury
Bangalore,Gandhi Nagar,Standard
Bangalore,Ganganagar,Standard
Bangalore,Gattahalli,Standard
Bangalore,Gnana Bharathi,Standard
Bangalore,Gollarapalya,Luxury
Bangalore,Gopasandra,Luxury
Bangalore,Gottigere,Standard
Bangalore,Gunjur,Standard
Bangalore,Gunjur Palya,Standard
Bangalore,HAL,Standard
Bangalore,HBR Layout,Standard
Bangalore,HSR Layout,Matured
Bangalore,Hampapura,Standard
Bangalore,Haralur,Standard
Bangalore,Harlur,Standard
Bangalore,Harohalli,Standard
Bangalore,Hebbal,Standard
Bangalore,Hebbal Kempapura,Standard
Bangalore,Hegganahalli,Standard
Bangalore,Hemmigepura,Luxury
Bangalore,Hennur,Standard
Bangalore,Hongasandra,Standard
Bangalore,Hoodi,Standard
Bangalore,Horamavu,Matured
Bangalore,Hosakerehalli,Luxury
Bangalore,Hoskote,Standard
Bangalore,Hulimavu,Standard
Bangalore,Hurulichikanahalli,Standard
Bangalore,Indira Nagar,Luxury
Bangalore,JP Nagar,Matured
Bangalore,Jagajeevanram Nagar,Standard
Bangalore,Jakkur,Luxury
Bangalore,Jalahalli,Standard
Bangalore,Jalahalli West,Standard
Bangalore,Jaya Chamarajendra Nagar,Luxury
Bangalore,Jayanagar,Luxury
Bangalore,Jeevanbheemanagar,Standard
Bangalore,Jigani,Standard
Bangalore,Jnana Ganga Nagar,Standard
Bangalore,Jogupalya,Luxury
Bangalore,Judicial Layout,Luxury
Bangalore,Junnasandra,Standard
Bangalore,K Channasandra,Standard
Bangalore,KPC Layout,Standard
Bangalore,Kada Agrahara,Standard
Bangalore,Kadabagere,Luxury
Bangalore,Kadubeesanahalli,Standard
Bangalore,Kadugodi,Standard
Bangalore,Kadugondanahalli,Standard
Bangalore,Kaggadasapura,Matured
Bangalore,Kaggalipura,Standard
Bangalore,Kalkere,Standard
Bangalore,Kalyan Nagar,Standard
Bangalore,Kamakshipalya,Standard
Bangalore,Kamala Nagar,Standard
Bangalore,Kamanahalli,Luxury
Bangalore,Kambipura,Standard
Bangalore,Kammanahalli,Luxury
Bangalore,Kanakapura,Standard
Bangalore,Kannamangala,Standard
Bangalore,Kartik Nagar,Standard
Bangalore,Kasavanahalli,Standard
Bangalore,Kasturi Nagar,Standard
Bangalore,Kattigenahalli,Luxury
Bangalore,Kaval Bairasandra,Matured
Bangalore,Kempapura Agrahara,Standard
Bangalore,Kengeri,Matured
Bangalore,Kengeri Hobli,Standard
Bangalore,Kengeri Satellite Town,Matured
Bangalore,Kithaganur Colony,Standard
Bangalore,Kodathi,Standard
Bangalore,Kodigehalli,Standard
Bangalore,Kodihalli,Standard
Bangalore,Kodipur,Standard
Bangalore,Kogilu,Standard
Bangalore,Kolar,Standard
Bangalore,Konadasapura,Standard
Bangalore,Konanakunte,Standard
Bangalore,Koramangala,Luxury
Bangalore,Kothanur,Standard
Bangalore,Koti Hosahalli,Standard
Bangalore,Krishnarajapura,Matured
Bangalore,Kudlu,Standard
Bangalore,Kudlu Gate,Standard
Bangalore,Kumaraswamy Layout,Luxury
Bangalore,Kumbalgodu,Standard
Bangalore,Kyalasanahalli,Standard
Bangalore,Laggere,Luxury
Bangalore,Lakshmipura,Luxury
Bangalore,Lingadheeranahalli,Matured
Bangalore,Lingarajapuram,Standard
Bangalore,Magadi,Standard
Bangalore,Mahadevapura,Standard
Bangalore,Mailasandra,Standard
Bangalore,Mallasandra,Standard
Bangalore,Mallathahalli,Luxury
Bangalore,Malleswaram,Luxury
Bangalore,Malur,Luxury
Bangalore,Marathahalli,Luxury
Bangalore,Margondanahalli,Standard
Bangalore,Marsur,Standard
Bangalore,Mathikere,Luxury
Bangalore,Mattanahalli,Matured
Bangalore,Mavalli,Opportunity
Bangalore,Medahalli,Standard
Bangalore,Muddanahalli,Standard
Bangalore,Mullur,Standard
Bangalore,Muneshwara Nagar,Luxury
Bangalore,Munnekollal,Standard
Bangalore,Murugeshpalya,Standard
Bangalore,NRI Layout,Standard
Bangalore,Nagarathpet,Standard
Bangalore,Nagarbhavi,Luxury
Bangalore,Nagasandra,Standard
Bangalore,Nagavara,Standard
Bangalore,Nandini Layout,Standard
Bangalore,Narayanapura,Standard
Bangalore,Nayandahalli,Luxury
Bangalore,Neelasandra,Standard
Bangalore,Nehru Nagar,Standard
Bangalore,Nelamangala,Matured
Bangalore,Padmanabhanagar,Standard
Bangalore,Panathur,Standard
Bangalore,Panduranga Nagar,Luxury
Bangalore,Parappana Agrahara,Standard
Bangalore,Peenya,Standard
Bangalore,R. T. Nagar,Standard
Bangalore,R.K. Hegde Nagar,Luxury
Bangalore,RMV Extension Stage 2,Luxury
Bangalore,RR Nagar,Matured
Bangalore,RT Nager,Luxury
Bangalore,Rajajinagar,Luxury
Bangalore,Rajanukunte,Standard
Bangalore,Ramamurthy Nagar,Standard
Bangalore,Ramanagara,Standard
Bangalore,Ramohalli,Standard
Bangalore,Rayasandra,Matured
Bangalore,Reliaable Tranquil Layout,Standard
Bangalore,Richmond Town,Luxury
Bangalore,S.G. Palya,Standard
Bangalore,SMV Layout,Luxury
Bangalore,Sahakara Nagar,Standard
Bangalore,Sampigehalli,Standard
Bangalore,Sanjaynagar,Luxury
Bangalore,Sarjapur,Matured
Bangalore,Seegehalli,Standard
Bangalore,Shanti Nagar,Luxury
Bangalore,Sheshadripuram,Luxury
Bangalore,Shingapura,Standard
Bangalore,Shivaji Nagar,Luxury
Bangalore,Sidedahalli,Standard
Bangalore,Singasandra,Standard
Bangalore,Somasundarapalya,Standard
Bangalore,Soppahalli,Standard
Bangalore,Srirampuram,Standard
Bangalore,Subramanyapura,Matured
Bangalore,Sunkadakatte,Standard
Bangalore,T Dasarahalli,Standard
Bangalore,Talaghattapura,Standard
Bangalore,Thanisandra,Matured
Bangalore,Thippasandra,Standard
Bangalore,Thirumagondanahalli,Standard
Bangalore,Thirumalashettyhally,Standard
Bangalore,Thotada Guddadhalli Village,Standard
Bangalore,Thyvakanahally,Standard
Bangalore,Ullal Uppanagar,Luxury
Bangalore,Ulsoor,Standard
Bangalore,Uttarahalli Hobli,Standard
Bangalore,Vajarahalli,Luxury
Bangalore,Vakil Garden City,Standard
Bangalore,Varadharaja Nagar,Standard
Bangalore,Varanasi,Luxury
Bangalore,Varthur,Matured
Bangalore,Venkatapura,Standard
Bangalore,Vibhutipura,Standard
Bangalore,Vidyaranyapura,Matured
Bangalore,Vijayanagar,Matured
Bangalore,Vimanapura,Standard
Bangalore,Virupakshapura,Standard
Bangalore,Volagerekallahalli,Standard
Bangalore,Whitefield,Matured
Bangalore,Wilson Garden,Standard
Bangalore,Yelahanka,Matured
Bangalore,Yelahanka New Town,Luxury
Bangalore,Yemalur,Standard
Bangalore,Yeshwanthpur,Luxury
Chennai,Adambakkam,Standard
Chennai,Adhanur,Standard
Chennai,Adyar,Standard
Chennai,Alandur,Standard
Chennai,Ambattur,Matured
Chennai,Ambattur Industrial Estate,Standard
Chennai,Ammapettai,Standard
Chennai,Anakaputhur,Standard
Chennai,Anna Nagar,Luxury
Chennai,Anna Nagar West,Standard
Chennai,Annanagar East,Standard
Chennai,Arumbakkam,Standard
Chennai,Avadi,Matured
Chennai,Ayanavaram,Luxury
Chennai,Ayapakkam,Standard
Chennai,Ayappakkam,Standard
Chennai,Chengalpattu,Matured
Chennai,Chettipunyam,Standard
Chennai,Choolaimedu,Standard
Chennai,Chromepet,Standard
Chennai,Ekkatuthangal,Luxury
Chennai,Gerugambakkam,Standard
Chennai,Guduvancheri,Standard
Chennai,Iyyapa Nagar,Standard
Chennai,Iyyappanthangal,Standard
Chennai,Jafferkhanpet,Standard
Chennai,KK Nagar,Standard
Chennai,Kadambathur,Standard
Chennai,Kanathur Reddikuppam,Standard
Chennai,Kattankulathur,Standard
Chennai,Kattupakkam,Standard
Chennai,Kelambakkam,Standard
Chennai,Kil Ayanambakkam,Standard
Chennai,Kilpauk,Standard
Chennai,Kodambakkam,Standard
Chennai,Kodungaiyur West,Standard
Chennai,Kolapakkam,Standard
Chennai,Kolathur,Standard
Chennai,Korattur,Standard
Chennai,Kotturpuram,Luxury
Chennai,Kovalam,Luxury
Chennai,Kumananchavadi,Standard
Chennai,Kundrathur,Standard
Chennai,Madambakkam,Standard
Chennai,Madhanandapuram,Standard
Chennai,Madipakkam,Standard
Chennai,Maduravoyal,Standard
Chennai,Mahindra World City,Standard
Chennai,Manali,Standard
Chennai,Mangadu,Standard
Chennai,Maraimalai Nagar,Standard
Chennai,Medavakkam,Standard
Chennai,Mogappair,Standard
Chennai,Moolakazhani,Standard
Chennai,Mudichur,Standard
Chennai,Muttukadu,Luxury
Chennai,Mylapore,Standard
Chennai,Nanmangalam,Standard
Chennai,Neelankarai,Standard
Chennai,Nungambakkam,Standard
Chennai,Oragadam Ambattur,Standard
Chennai,Oragadam Sriperambattur,Standard
Chennai,Padappai,Standard
Chennai,Padur,Standard
Chennai,Palavakkam,Luxury
Chennai,Pallavaram,Standard
Chennai,Pallikaranai,Standard
Chennai,Pammal,Standard
Chennai,Perambur,Matured
Chennai,Perumbakkam,Standard
Chennai,Perungalathur,Standard
Chennai,Perungudi,Standard
Chennai,Ponmar,Standard
Chennai,Poonamallee,Standard
Chennai,Porur,Standard
Chennai,Pozhichalur,Standard
Chennai,Pudupakkam,Standard
Chennai,Purasawalkam,Luxury
Chennai,Puzhal,Luxury
Chennai,Raja Annamalai Puram,Luxury
Chennai,Rajakilpakkam,Standard
Chennai,Ramapuram,Standard
Chennai,Red Hills,Standard
Chennai,Saidapet,Standard
Chennai,Saligramam,Standard
Chennai,Selaiyur,Standard
Chennai,Sembakkam,Standard
Chennai,Semmancheri,Standard
Chennai,Senganmal,Standard
Chennai,Sholinganallur,Standard
Chennai,Singaperumal Koil,Standard
Chennai,Sithalapakkam,Standard
Chennai,T Nagar,Luxury
Chennai,Thandalam,Standard
Chennai,Tharapakkam,Standard
Chennai,Thirumullaivoyal,Standard
Chennai,Thiruneermalai,Standard
Chennai,Thiruporur,Standard
Chennai,Thiruvallur,Standard
Chennai,Thiruvanmiyur,Luxury
Chennai,Thiruverkkadu,Standard
Chennai,Thoraipakkam,Standard
Chennai,Tiruvottiyur,Luxury
Chennai,Triplicane,Standard
Chennai,Urapakkam,Standard
Chennai,Uthandi,Standard
Chennai,Vadapalani,Luxury
Chennai,Valasaravakkam,Standard
Chennai,Vandalur,Standard
Chennai,Vandalur R.F.,Standard
Chennai,Velachery,Standard
Chennai,Veppampattu,Matured
Chennai,Villivakkam,Standard
Chennai,Virugambakkam,Standard
Chennai,Vyasarpadi,Standard
Chennai,West Mambalam,Luxury
Chennai,West Tambaram,Standard
Hyderabad,Aminpur,Standard
Hyderabad,Attapur,Luxury
Hyderabad,Bachupally,Standard
Hyderabad,Badangpet,Standard
Hyderabad,Bandlaguda Jagir,Standard
Hyderabad,Beeramguda,Standard
Hyderabad,Boduppal,Standard
Hyderabad,Bolarum,Standard
Hyderabad,Borabanda,Standard
Hyderabad,Bowenpally,Standard
Hyderabad,Chandanagar,Standard
Hyderabad,Dammaiguda,Standard
Hyderabad,Gachibowli,Luxury
Hyderabad,Gajularamaram,Standard
Hyderabad,Hafeezpet,Luxury
Hyderabad,Kapra,Standard
Hyderabad,Kokapet,Luxury
Hyderabad,Kollur,Standard
Hyderabad,Kompally,Luxury
Hyderabad,Kondapur,Luxury
Hyderabad,Kothaguda,Luxury
Hyderabad,Kothapet,Standard
Hyderabad,Kukatpally,Standard
Hyderabad,Madeenaguda,Standard
Hyderabad,Manikonda,Standard
Hyderabad,Miyapur,Standard
Hyderabad,Nanakaramguda,Luxury
Hyderabad,Narsingi,Luxury
Hyderabad,Nizampet,Standard
Hyderabad,Osman Nagar,Luxury
Hyderabad,Peeramcheru,Standard
Hyderabad,Pragathi Nagar,Standard
Hyderabad,Puppalaguda,Luxury
Hyderabad,Rai Durg,Luxury
Hyderabad,Ramachandra Puram,Standard
Hyderabad,Saroornagar,Standard
Hyderabad,Serilingampally,Luxury
Hyderabad,Shadnagar,Standard
Hyderabad,Shaikpet,Luxury
Hyderabad,Turkayamjal,Standard
Hyderabad,Yapral,Luxury
Kolkata,Agarpara,Standard
Kolkata,Alipore,Luxury
Kolkata,Amtala,Standard
Kolkata,Ariadaha,Standard
Kolkata,Baghajatin,Standard
Kolkata,Baghbazar,Standard
Kolkata,Baguiati,Matured
Kolkata,Ballygunge,Luxury
Kolkata,Bangur Avenue,Standard
Kolkata,Bansdroni,Standard
Kolkata,Baranagar,Matured
Kolkata,Barasat,Matured
Kolkata,Barrackpore,Standard
Kolkata,Baruipur,Standard
Kolkata,Behala,Matured
Kolkata,Belgachia,Standard
Kolkata,Belghoria,Standard
Kolkata,Beliaghata,Standard
Kolkata,Bijoygarh,Standard
Kolkata,Birati,Standard
Kolkata,Boral,Standard
Kolkata,Bramhapur,Standard
Kolkata,Budge Budge,Standard
Kolkata,Chinar Park,Standard
Kolkata,Dhakuria,Standard
Kolkata,Diamond Harbour,Luxury
Kolkata,Dum Dum,Standard
Kolkata,Dum Dum Cantonment,Standard
Kolkata,Dum Dum Park,Standard
Kolkata,Dunlop,Standard
Kolkata,Ganguly Bagan,Standard
Kolkata,Garia,Matured
Kolkata,Golf Green,Standard
Kolkata,Habra,Luxury
Kolkata,Haltu,Standard
Kolkata,Harinavi,Standard
Kolkata,Hridaypur,Standard
Kolkata,Hussainpur,Standard
Kolkata,International Airport,Standard
Kolkata,Jadavpur,Standard
Kolkata,Jodhpur Park,Standard
Kolkata,Joka,Standard
Kolkata,Kabardanga,Standard
Kolkata,Kaikhali,Standard
Kolkata,Kalighat,Standard
Kolkata,Kalikapur,Standard
Kolkata,Kamardanga,Standard
Kolkata,Kankurgachi,Luxury
Kolkata,Kasba,Standard
Kolkata,Keshtopur,Standard
Kolkata,Khardah,Standard
Kolkata,Lake Town,Standard
Kolkata,Madhyamgram,Standard
Kolkata,Mahheshtala,Matured
Kolkata,Malancha Mahi Nagar,Standard
Kolkata,Mukundapur,Standard
Kolkata,Nabapally,Standard
Kolkata,Nagerbazar,Standard
Kolkata,Narendrapur,Matured
Kolkata,Nayabad,Standard
Kolkata,Netaji Nagar,Standard
Kolkata,New Alipore,Luxury
Kolkata,New Barrakpur,Standard
Kolkata,New Town,Matured
Kolkata,Nimta,Standard
Kolkata,North Dum Dum,Standard
Kolkata,Omarhati,Standard
Kolkata,Paikpara,Standard
Kolkata,Pailan,Standard
Kolkata,Pancha Sayar,Standard
Kolkata,Paschim Barisha,Standard
Kolkata,Paschim Putiary,Standard
Kolkata,Patipukur,Standard
Kolkata,Purba Barisha,Standard
Kolkata,Purba Putiary,Standard
Kolkata,Rahara,Standard
Kolkata,Rajarhat,Matured
Kolkata,Rajpur,Standard
Kolkata,Regent Park,Standard
Kolkata,Salt Lake City,Standard
Kolkata,Santoshpur,Standard
Kolkata,Sarsuna,Standard
Kolkata,Shobhabazar,Luxury
Kolkata,Sinthi,Standard
Kolkata,Sodepur,Standard
Kolkata,Sonarpur,Standard
Kolkata,South Dum Dum,Matured
Kolkata,Subhasgram,Standard
Kolkata,Tangra,Luxury
Kolkata,Teghoria,Standard
Kolkata,Thakurpukur,Standard
Kolkata,Tollygunge,Standard
Kolkata,Ultadanga,Standard
Kolkata,Ward No 113,Standard
Mumbai,Andheri East,Opportunity
Mumbai,Andheri West,Opportunity
Mumbai,Bandra East,Opportunity
Mumbai,Bandra West,Opportunity
Mumbai,Bhandup East,Opportunity
Mumbai,Bhandup West,Opportunity
Mumbai,Bhayandar East,Standard
Mumbai,Bhayandar West,Standard
Mumbai,Bhuleshwar,Opportunity
Mumbai,Borivali East,Opportunity
Mumbai,Borivali West,Opportunity
Mumbai,Byculla,Opportunity
Mumbai,Chandansar,Standard
Mumbai,Chembur,Opportunity
Mumbai,Dadar West,Opportunity
Mumbai,Dahisar East,Opportunity
Mumbai,Dahisar West,Opportunity
Mumbai,Ghatkopar East,Opportunity
Mumbai,Ghatkopar West,Opportunity
Mumbai,Girgaon,Opportunity
Mumbai,Goregaon East,Opportunity
Mumbai,Goregaon West,Opportunity
Mumbai,Govandi,Opportunity
Mumbai,Jogeshwari East,Opportunity
Mumbai,Jogeshwari West,Opportunity
Mumbai,Juhu,Opportunity
Mumbai,Kandivali East,Opportunity
Mumbai,Kandivali West,Opportunity
Mumbai,Khar West,Opportunity
Mumbai,Kurla East,Opportunity
Mumbai,Kurla West,Opportunity
Mumbai,Lower Parel,Opportunity
Mumbai,Mahim,Opportunity
Mumbai,Malad East,Opportunity
Mumbai,Malad West,Opportunity
Mumbai,Mandvi,Opportunity
Mumbai,Matunga East,Opportunity
Mumbai,Mazgaon,Opportunity
Mumbai,Mira Road East,Matured
Mumbai,Mira Road West,Standard
Mumbai,Mulund East,Opportunity
Mumbai,Mulund West,Opportunity
Mumbai,Naigaon East,Matured
Mumbai,Naigaon West,Standard
Mumbai,Nalasopara East,Matured
Mumbai,Nalasopara West,Matured
Mumbai,Parel,Opportunity
Mumbai,Powai,Opportunity
Mumbai,Prabhadevi,Opportunity
Mumbai,Sakinaka,Standard
Mumbai,Santacruz East,Opportunity
Mumbai,Santacruz West,Opportunity
Mumbai,Sewri,Opportunity
Mumbai,Sion,Opportunity
Mumbai,Tardeo,Opportunity
Mumbai,Thane West,Standard
Mumbai,Vasai East,Matured
Mumbai,Vasai West,Standard
Mumbai,Vikhroli East,Opportunity
Mumbai,Vikhroli West,Opportunity
Mumbai,Vile Parle East,Opportunity
Mumbai,Virar East,Matured
Mumbai,Virar West,Matured
Mumbai,Wadala,Opportunity
Mumbai,Worli,Opportunity
New Delhi,Adarsh Nagar,Standard
New Delhi,Anand Vihar,Standard
New Delhi,Ashok Vihar,Luxury
New Delhi,Aya Nagar,Standard
New Delhi,Azadpur,Opportunity
New Delhi,Badarpur,Standard
New Delhi,Bakkarwala,Standard
New Delhi,Baprola,Standard
New Delhi,Bhalswa,Standard
New Delhi,Bharthal,Standard
New Delhi,Bindapur,Standard
New Delhi,Budh Vihar,Standard
New Delhi,Burari,Matured
New Delhi,Chhattarpur,Matured
New Delhi,Dabri,Standard
New Delhi,Dakshinpuri,Standard
New Delhi,Dallupura,Standard
New Delhi,Deenpur,Standard
New Delhi,Dera Mandi,Standard
New Delhi,Dilshad Garden,Matured
New Delhi,Dwarka Mor,Standard
New Delhi,East Of Kailash,Standard
New Delhi,Ganesh Nagar,Standard
New Delhi,Gautam Nagar,Standard
New Delhi,Gazipur,Standard
New Delhi,Geeta Colony,Standard
New Delhi,Ghitorni,Standard
New Delhi,Gokalpur,Standard
New Delhi,Govindpuri,Standard
New Delhi,Greater Kailash,Luxury
New Delhi,Greater Kailash I,Luxury
New Delhi,Hari Nagar,Standard
New Delhi,Hastsal,Standard
New Delhi,Jahangirpuri,Standard
New Delhi,Jaitpur,Standard
New Delhi,Jamia Nagar,Standard
New Delhi,Janakpuri,Standard
New Delhi,Jasola,Standard
New Delhi,Jhilmil Colony,Standard
New Delhi,Kalkaji,Standard
New Delhi,Karala,Standard
New Delhi,Karampura,Standard
New Delhi,Karawal Nagar,Standard
New Delhi,Karol Bagh,Standard
New Delhi,Khajoori Khas,Standard
New Delhi,Khanpur,Standard
New Delhi,Khera Khurd,Standard
New Delhi,Khirki Extension,Standard
New Delhi,Kirari Suleman Nagar,Standard
New Delhi,Kirti Nagar,Luxury
New Delhi,Kondli,Standard
New Delhi,Krishna Nagar,Opportunity
New Delhi,Lajpat Nagar,Opportunity
New Delhi,Laxmi Nagar,Standard
New Delhi,Madangir,Standard
New Delhi,Madhu Vihar,Standard
New Delhi,Mahavir Enclave,Standard
New Delhi,Mahipalpur,Standard
New Delhi,Malviya Nagar,Standard
New Delhi,Mandawali,Standard
New Delhi,Mandoli,Standard
New Delhi,Manglapuri,Standard
New Delhi,Mayur Vihar,Standard
New Delhi,Mayur Vihar II,Standard
New Delhi,Mayur Vihar Phase 1,Standard
New Delhi,Mayur Vihar Phase 3,Standard
New Delhi,Mehrauli,Matured
New Delhi,Model Town,Standard
New Delhi,Mukherjee Nagar,Luxury
New Delhi,Mundka,Standard
New Delhi,Najafgarh,Matured
New Delhi,Nangli Sakrawati,Standard
New Delhi,Nangloi,Standard
New Delhi,Naraina,Opportunity
New Delhi,Narela,Matured
New Delhi,Neb Sarai,Standard
New Delhi,New Ashok Nagar,Luxury
New Delhi,Nilothi,Standard
New Delhi,Old Delhi,Standard
New Delhi,Paharganj,Standard
New Delhi,Palam,Matured
New Delhi,Pandav Nagar,Standard
New Delhi,Paschim Vihar,Standard
New Delhi,Patel Nagar,Standard
New Delhi,Patparganj,Standard
New Delhi,Pitampura,Standard
New Delhi,Preet Vihar,Opportunity
New Delhi,Pul Prahlad Pur,Standard
New Delhi,Punjabi Bagh,Luxury
New Delhi,Qutub Vihar,Standard
New Delhi,Rajinder Nagar,Luxury
New Delhi,Rajouri Garden,Luxury
New Delhi,Rangpuri,Standard
New Delhi,Razapur Khurd,Standard
New Delhi,Rohini Sector 28,Standard
New Delhi,Safdarjung Enclave,Luxury
New Delhi,Sagar Pur,Opportunity
New Delhi,Sangam Vihar,Matured
New Delhi,Sant Nagar,Standard
New Delhi,Sarita Vihar,Standard
New Delhi,Sector 12 Dwarka,Luxury
New Delhi,Sector 13 Rohini,Luxury
New Delhi,Sector 14 Dwarka,Standard
New Delhi,Sector 14 Rohini,Standard
New Delhi,Sector 15 Rohini,Standard
New Delhi,Sector 16 Rohini,Standard
New Delhi,Sector 16B Dwarka,Standard
New Delhi,Sector 17 Rohini,Standard
New Delhi,Sector 18 Rohini,Standard
New Delhi,Sector 19 Dwarka,Standard
New Delhi,Sector 22 Dwarka,Luxury
New Delhi,Sector 22 Rohini,Standard
New Delhi,Sector 23B Dwarka,Standard
New Delhi,Sector 25 Rohini,Standard
New Delhi,Sector 28 Dwarka,Standard
New Delhi,Sector 3 Dwarka,Standard
New Delhi,Sector 3 Rohini,Opportunity
New Delhi,Sector 34 Rohini,Standard
New Delhi,Sector 35 Rohini,Standard
New Delhi,Sector 39 Rohini,Standard
New Delhi,Sector 4 Rohini,Standard
New Delhi,Sector 5 Rohini,Standard
New Delhi,Sector 6 Rohini,Standard
New Delhi,Sector 7 Rohini,Standard
New Delhi,Sector 8 Rohini,Luxury
New Delhi,Sector 9 Rohini,Luxury
New Delhi,Sewak Park,Standard
New Delhi,Shahdara,Matured
New Delhi,Shakarpur Khas,Luxury
New Delhi,Shalimar Bagh,Luxury
New Delhi,Shastri Nagar,Standard
New Delhi,Sheikh Sarai,Standard
New Delhi,Sidhartha Nagar,Standard
New Delhi,Sonia Vihar,Standard
New Delhi,South Extension I,Standard
New Delhi,Subhash Nagar,Standard
New Delhi,Subzi Mandi,Standard
New Delhi,Tagore Garden Extension,Standard
New Delhi,Tilak Nagar,Standard
New Delhi,Tri Nagar,Standard
New Delhi,Tughlakabad,Standard
New Delhi,Uttam Nagar,Matured
New Delhi,Vasant Kunj,Standard
New Delhi,Vijay Nagar,Standard
New Delhi,Vikaspuri,Standard
New Delhi,Vishnu Garden,Standard
New Delhi,Wazirabad,Standard
New Delhi,West Sagarpur,Standard
Pune,Akurdi,Standard
Pune,Alandi,Matured
Pune,Ambegaon,Matured
Pune,Ambegaon Bk,Standard
Pune,Ambegaon Budruk,Matured
Pune,Ambegaon Pathar,Matured
Pune,Anand Nagar,Standard
Pune,Aundh,Standard
Pune,Bakori,Standard
Pune,Balewadi,Standard
Pune,Baner,Matured
Pune,Baramati,Standard
Pune,Bavdhan,Matured
Pune,Bebadohal,Standard
Pune,Bhawani Peth,Standard
Pune,Bhosari,Matured
Pune,Bhugaon,Standard
Pune,Bhukum,Standard
Pune,Bibwewadi,Matured
Pune,Bopkhel,Standard
Pune,Bopodi,Standard
Pune,Camp,Standard
Pune,Chakan,Matured
Pune,Chandan Nagar,Standard
Pune,Charholi Budruk,Standard
Pune,Charholi Kurd,Standard
Pune,Chikhali,Matured
Pune,Chinchwad,Matured
Pune,Dapodi,Standard
Pune,Dattavadi,Standard
Pune,Daund,Standard
Pune,Dehu,Standard
Pune,Dhankawadi,Matured
Pune,Dhanori,Matured
Pune,Dhawade,Standard
Pune,Dhayari,Matured
Pune,Dighi,Matured
Pune,Fursungi,Matured
Pune,Gahunje,Standard
Pune,Ganesh Peth,Standard
Pune,Ganga Dham,Standard
Pune,Ghorpadi,Luxury
Pune,Gokhalenagar,Standard
Pune,Gultekdi,Luxury
Pune,Guruwar Peth,Standard
Pune,Hadapsar,Matured
Pune,Handewadi,Matured
Pune,Hingne Khurd,Standard
Pune,Hinjewadi,Standard
Pune,Hinjewadi Phase 3,Matured
Pune,Jambhe,Standard
Pune,Jambhul,Standard
Pune,Jambhulwadi,Standard
Pune,Kalas,Standard
Pune,Kalewadi,Matured
Pune,Kalyani Nagar,Luxury
Pune,Kamshet,Standard
Pune,Kanhe,Standard
Pune,Karve Nagar,Standard
Pune,Kasarwadi,Standard
Pune,Kasba Peth,Standard
Pune,Katraj,Matured
Pune,Keshav Nagar,Standard
Pune,Kesnand,Standard
Pune,Khadakwasla,Standard
Pune,Khadki,Standard
Pune,Kharadi,Matured
Pune,Khed Shivapur,Standard
Pune,Kirkatwadi,Matured
Pune,Kiwale,Standard
Pune,Kolhewadi,Standard
Pune,Kondhwa,Matured
Pune,Kondhwa Budruk,Standard
Pune,Koregaon Bhima,Standard
Pune,Koregaon Park,Standard
Pune,Kothrud,Standard
Pune,Lohegaon,Matured
Pune,Loni Kalbhor,Standard
Pune,Lonikand,Standard
Pune,Mahalunge,Standard
Pune,Mahalunge Ingale,Standard
Pune,Mahatma Phule Peth,Standard
Pune,Mamurdi,Standard
Pune,Manjari Budruk,Matured
Pune,Marunji,Standard
Pune,Mohammed Wadi,Matured
Pune,Moshi,Matured
Pune,Mundhwa,Standard
Pune,Nanded,Standard
Pune,Narayangaon,Standard
Pune,Narhe,Matured
Pune,Nerhe,Standard
Pune,New Sangvi,Standard
Pune,Nigdi,Standard
Pune,Old Sangvi,Standard
Pune,Parvati Darshan,Standard
Pune,Pashan,Standard
Pune,Perne,Standard
Pune,Pimple Gurav,Standard
Pune,Pimple Nilakh,Matured
Pune,Pimple Saudagar,Standard
Pune,Pimpri,Matured
Pune,Pirangut,Matured
Pune,Pisoli,Standard
Pune,Punawale,Standard
Pune,Pune Cantonment,Standard
Pune,Rahatani,Matured
Pune,Rajgurunagar,Standard
Pune,Ranjangaon,Standard
Pune,Rasta Peth,Standard
Pune,Ravet,Standard
Pune,Sadashiv Peth,Standard
Pune,Sanaswadi,Standard
Pune,Sangamvadi,Standard
Pune,Sanjay Park,Luxury
Pune,Saswad,Standard
Pune,Shaniwar Peth,Standard
Pune,Shewalewadi,Standard
Pune,Shikrapur,Standard
Pune,Shiraswadi,Standard
Pune,Shirgaon,Standard
Pune,Shirur,Standard
Pune,Shivaji Nagar,Standard
Pune,Shivane,Matured
Pune,Shukrawar Peth,Standard
Pune,Somatane,Standard
Pune,Somwar Peth,Standard
Pune,Spine Road,Standard
Pune,Sus,Standard
Pune,Talegaon Dabhade,Matured
Pune,Talegaon Dhamdhere,Standard
Pune,Tathawade,Standard
Pune,Thergaon,Standard
Pune,Undri,Matured
Pune,Uruli Devachi,Standard
Pune,Uruli Kanchan,Standard
Pune,Uttam Nagar,Standard
Pune,Vadgaon,Standard
Pune,Vadgaon Budruk,Standard
Pune,Viman Nagar,Standard
Pune,Vishrantwadi,Standard
Pune,Wadgaon Sheri,Luxury
Pune,Wagholi,Matured
Pune,Wakad,Matured
Pune,Wanowrie,Standard
Pune,Warje,Standard
Pune,Warje Malwadi,Standard
Pune,Yashwantrao Chavan Nagar,Standard
Pune,Yerawada,Standard
Pune,Yewalewadi,Standard
Bangalore,2nd Stage,Data Insufficient
Bangalore,Adugodi,Data Insufficient
Bangalore,Agrahara,Data Insufficient
Bangalore,Allalasandra,Data Insufficient
Bangalore,Anagalapura,Data Insufficient
Bangalore,Anjanapura,Data Insufficient
Bangalore,Armane Nagar,Data Insufficient
Bangalore,Ashok Nagar,Data Insufficient
Bangalore,Avalahalli,Data Insufficient
Bangalore,Azad Nagar,Data Insufficient
Bangalore,Bagepalli,Data Insufficient
Bangalore,Baiyappanahalli,Data Insufficient
Bangalore,Bande Kodigehalli,Data Insufficient
Bangalore,Bangarapet,Data Insufficient
Bangalore,Bannikuppe,Data Insufficient
Bangalore,Bapuji Nagar,Data Insufficient
Bangalore,Belagumba,Data Insufficient
Bangalore,Belathur,Data Insufficient
Bangalore,Bellahalli,Data Insufficient
Bangalore,Bendiganahalli,Data Insufficient
Bangalore,Bennigana Halli,Data Insufficient
Bangalore,Bhaktharahalli,Data Insufficient
Bangalore,Bheemakkanahalli,Data Insufficient
Bangalore,Bidadi,Data Insufficient
Bangalore,Bidaraguppe,Data Insufficient
Bangalore,Bidare Agraha,Data Insufficient
Bangalore,Bidrahalli,Data Insufficient
Bangalore,Billapura,Data Insufficient
Bangalore,Bolamaranahalli,Data Insufficient
Bangalore,Boyalahalli,Data Insufficient
Bangalore,Brick Field Shelters,Data Insufficient
Bangalore,Budigere Cross,Data Insufficient
Bangalore,Byadarahalli,Data Insufficient
Bangalore,Byadralli,Data Insufficient
Bangalore,Byalahalli,Data Insufficient
Bangalore,Byandahalli,Data Insufficient
Bangalore,Byatarayanapura,Data Insufficient
Bangalore,Bylakere,Data Insufficient
Bangalore,Byrathi,Data Insufficient
Bangalore,Byraveshwara Industrial Estate,Data Insufficient
Bangalore,Carmelaram,Data Insufficient
Bangalore,Central Telecom Society,Data Insufficient
Bangalore,Challaghatta,Data Insufficient
Bangalore,Channanayakanapalya,Data Insufficient
Bangalore,Channapatna,Data Insufficient
Bangalore,Channigarayapura,Data Insufficient
Bangalore,Chichuraganapalli,Data Insufficient
Bangalore,Chickpete,Data Insufficient
Bangalore,Chikkabettahalli,Data Insufficient
Bangalore,Chikkabidarakallu,Data Insufficient
Bangalore,Chikkadunnasandra,Data Insufficient
Bangalore,Chikkajala,Data Insufficient
Bangalore,Chikkakannalli,Data Insufficient
Bangalore,Chikkanagamangala,Data Insufficient
Bangalore,Chikkanahalli,Data Insufficient
Bangalore,Chikkanahalli Village,Data Insufficient
Bangalore,Chikkasanne,Data Insufficient
Bangalore,Chokkahalli,Data Insufficient
Bangalore,Cholappanahalli,Data Insufficient
Bangalore,Cholur Palya,Data Insufficient
Bangalore,Ckikkakammana Halli,Data Insufficient
Bangalore,Class D Employees Housing Society Layout,Data Insufficient
Bangalore,Dasenahalli,Data Insufficient
Bangalore,Deepanjali Nagar,Data Insufficient
Bangalore,Devaganahalli,Data Insufficient
Bangalore,Devara Jeevanahalli,Data Insufficient
Bangalore,Doddabele,Data Insufficient
Bangalore,Doddabidrakallu,Data Insufficient
Bangalore,Doddadunnasandra,Data Insufficient
Bangalore,Doddajala,Data Insufficient
Bangalore,Domlur Layout,Data Insufficient
Bangalore,Dunnasandra,Data Insufficient
Bangalore,Gangamuthanahalli,Data Insufficient
Bangalore,Gangondanahalli,Data Insufficient
Bangalore,Ganigarahalli,Data Insufficient
Bangalore,Gollahalli,Data Insufficient
Bangalore,Gollarapalya Hosahalli,Data Insufficient
Bangalore,Gowribidnur,Data Insufficient
Bangalore,Guddadahalli,Data Insufficient
Bangalore,Guddahatti,Data Insufficient
Bangalore,Gudighattanahalli,Data Insufficient
Bangalore,Gulakamale,Data Insufficient
Bangalore,Gulimangala,Data Insufficient
Bangalore,Gunjur Village,Data Insufficient
Bangalore,Guttahalli,Data Insufficient
Bangalore,Hallehalli,Data Insufficient
Bangalore,Hancharahalli Village,Data Insufficient
Bangalore,Handenahalli,Data Insufficient
Bangalore,Hanumanthapura,Data Insufficient
Bangalore,Haragadde,Data Insufficient
Bangalore,Harapanahalli,Data Insufficient
Bangalore,Hejjala,Data Insufficient
Bangalore,Hombegowda Nagar,Data Insufficient
Bangalore,Hosahalli,Data Insufficient
Bangalore,Hosur Municipality,Data Insufficient
Bangalore,Hunasamaranahalli,Data Insufficient
Bangalore,Huskur,Data Insufficient
Bangalore,Iggalur,Data Insufficient
Bangalore,Ittangur,Data Insufficient
Bangalore,Jagadenahalli,Data Insufficient
Bangalore,Jalahalli East,Data Insufficient
Bangalore,Jayamahal,Data Insufficient
Bangalore,Jayanagar South,Data Insufficient
Bangalore,Jayanagar West,Data Insufficient
Bangalore,Jigala,Data Insufficient
Bangalore,Jyotipuram,Data Insufficient
Bangalore,Kachamaranahalli,Data Insufficient
Bangalore,Kacharakanahalli,Data Insufficient
Bangalore,Kachohalli,Data Insufficient
Bangalore,Kadumuthsandra Plantation,Data Insufficient
Bangalore,Kaikondrahalli,Data Insufficient
Bangalore,Kakaramanahalli,Data Insufficient
Bangalore,Kalasipalayam,Data Insufficient
Bangalore,Kalbalu,Data Insufficient
Bangalore,Kalena Agrahara,Data Insufficient
Bangalore,Kamath Layout,Data Insufficient
Bangalore,Kammasandra,Data Insufficient
Bangalore,Kanekallu,Data Insufficient
Bangalore,Kannuru,Data Insufficient
Bangalore,Kariyana Palya,Data Insufficient
Bangalore,Karpur,Data Insufficient
Bangalore,Kaveri Nagar,Data Insufficient
Bangalore,Kempe Gowda Nagar,Data Insufficient
Bangalore,Kempegowda Nagar,Data Insufficient
Bangalore,Kenchanapura,Data Insufficient
Bangalore,Kithaganur Village,Data Insufficient
Bangalore,Kodalagurki,Data Insufficient
Bangalore,Kodipalya,Data Insufficient
Bangalore,Kommaghatta,Data Insufficient
Bangalore,Kommasandra,Data Insufficient
Bangalore,Koppa Gate,Data Insufficient
Bangalore,Kotiganahalli,Data Insufficient
Bangalore,Kundana,Data Insufficient
Bangalore,Kundur,Data Insufficient
Bangalore,Kurubarahalli,Data Insufficient
Bangalore,Kuthaganahalli,Data Insufficient
Bangalore,Kyathsandra,Data Insufficient
Bangalore,Lal Bahadur Shastri Nagar,Data Insufficient
Bangalore,Langford Gardens,Data Insufficient
Bangalore,Laxmipura,Data Insufficient
Bangalore,Lingapura,Data Insufficient
Bangalore,M Hosahalli,Data Insufficient
Bangalore,MEI Employees Housing Colony,Data Insufficient
Bangalore,Machohalli,Data Insufficient
Bangalore,Madanayakahalli,Data Insufficient
Bangalore,Madavara,Data Insufficient
Bangalore,Madhura Nagar,Data Insufficient
Bangalore,Madivala,Data Insufficient
Bangalore,Majra Ahir,Data Insufficient
Bangalore,Makali,Data Insufficient
Bangalore,Malimakanapura,Data Insufficient
Bangalore,Mallapur,Data Insufficient
Bangalore,Malle Nalsandra,Data Insufficient
Bangalore,Mallenahalli,Data Insufficient
Bangalore,Manchapanahalli,Data Insufficient
Bangalore,Mangammanapalya,Data Insufficient
Bangalore,Manganahalli,Data Insufficient
Bangalore,Maralakunte,Data Insufficient
Bangalore,Marasandra,Data Insufficient
Bangalore,Marasandra Plantation,Data Insufficient
Bangalore,Maruthi Nagar,Data Insufficient
Bangalore,Maruthi Sevanagar,Data Insufficient
Bangalore,Medi Agrahara,Data Insufficient
Bangalore,Meesaganahalli,Data Insufficient
Bangalore,Mylasandra,Data Insufficient
Bangalore,Nagadevana Halli,Data Insufficient
Bangalore,Nagalapura,Data Insufficient
Bangalore,Nagamangala,Data Insufficient
Bangalore,Nagapura,Data Insufficient
Bangalore,Nagenahalli,Data Insufficient
Bangalore,Nagondanahalli,Data Insufficient
Bangalore,Neraluru,Data Insufficient
Bangalore,New Thippasandra,Data Insufficient
Bangalore,Nimbekaipura,Data Insufficient
Bangalore,Palace Guttahalli,Data Insufficient
Bangalore,Papanahalli,Data Insufficient
Bangalore,Pillagana Halli,Data Insufficient
Bangalore,Rachamanahalli,Data Insufficient
Bangalore,Ragavendra Industrial Estate,Data Insufficient
Bangalore,Ragavendra Nagar,Data Insufficient
Bangalore,Rainbow Garden Layout,Data Insufficient
Bangalore,Rajapura,Data Insufficient
Bangalore,Ramagondanahalli,Data Insufficient
Bangalore,Ramanashree California Gardens Layout,Data Insufficient
Bangalore,Ramasandra,Data Insufficient
Bangalore,Rampura,Data Insufficient
Bangalore,Raysandara,Data Insufficient
Bangalore,Richards Town,Data Insufficient
Bangalore,Rustam Bagh Layout,Data Insufficient
Bangalore,Sampangi Rama Nagar,Data Insufficient
Bangalore,Sampangiram Nagar,Data Insufficient
Bangalore,Sanjeevini Nagar,Data Insufficient
Bangalore,Sannatammanahalli,Data Insufficient
Bangalore,Sapthagiri Extension,Data Insufficient
Bangalore,Sathnur Village,Data Insufficient
Bangalore,Seshagiripura,Data Insufficient
Bangalore,Shettigere,Data Insufficient
Bangalore,Siddalingaiahna Palya,Data Insufficient
Bangalore,Singanayakanahalli,Data Insufficient
Bangalore,Sivanchetti Gardens,Data Insufficient
Bangalore,Soladevanahalli,Data Insufficient
Bangalore,Sollepura Village,Data Insufficient
Bangalore,Sondekoppa,Data Insufficient
Bangalore,Sonnur,Data Insufficient
Bangalore,Sorahunase,Data Insufficient
Bangalore,Srinivasa Nagar,Data Insufficient
Bangalore,Srinivaspur,Data Insufficient
Bangalore,Srinivaspura,Data Insufficient
Bangalore,State Bank Of India Colony,Data Insufficient
Bangalore,Sudhama Nagar,Data Insufficient
Bangalore,Sulikere,Data Insufficient
Bangalore,Sulikunte,Data Insufficient
Bangalore,Sunkalpalya,Data Insufficient
Bangalore,Suragajakkanahalli,Data Insufficient
Bangalore,Syndicate Bank Employees Housing Society Layout,Data Insufficient
Bangalore,Tejaswini Nagar,Data Insufficient
Bangalore,Thammenahalli Village,Data Insufficient
Bangalore,Tharabanahalli,Data Insufficient
Bangalore,Tharalu,Data Insufficient
Bangalore,Thathaguni,Data Insufficient
Bangalore,Thattanahalli,Data Insufficient
Bangalore,Thavarekere,Data Insufficient
Bangalore,Thirumanahalli,Data Insufficient
Bangalore,Thurahalli,Data Insufficient
Bangalore,Tippenahalli,Data Insufficient
Bangalore,Tirumanahalli,Data Insufficient
Bangalore,Totagere,Data Insufficient
Bangalore,Tunganagara,Data Insufficient
Bangalore,Udayagiri,Data Insufficient
Bangalore,Upparahalli,Data Insufficient
Bangalore,Vajarahalli Colony,Data Insufficient
Bangalore,Vasanth Nagar,Data Insufficient
Bangalore,Veerasagara,Data Insufficient
Bangalore,Victoria Layout,Data Insufficient
Bangalore,Vidyamanya Nagar,Data Insufficient
Bangalore,Vignana Kendra,Data Insufficient
Bangalore,Vinayaka Layout,Data Insufficient
Bangalore,Vishveshwaraya Nagar,Data Insufficient
Bangalore,Visthar,Data Insufficient
Bangalore,Vittasandra,Data Insufficient
Bangalore,Vivek Nagar,Data Insufficient
Bangalore,Voderahalli,Data Insufficient
Bangalore,Weavers Colony,Data Insufficient
Bangalore,Yadavanahalli,Data Insufficient
Bangalore,Yelachanayakanapura,Data Insufficient
Bangalore,Yelahanka Satellite Town,Data Insufficient
Bangalore,Yerappanahalli,Data Insufficient
Chennai,Abiramapuram,Data Insufficient
Chennai,Agaramthen,Data Insufficient
Chennai,Alagasanagar,Data Insufficient
Chennai,Alwarpet,Data Insufficient
Chennai,Aminjikarai,Data Insufficient
Chennai,Anna Nagar West Extension,Data Insufficient
Chennai,Appur R.F.,Data Insufficient
Chennai,Arakkonam,Data Insufficient
Chennai,Ashok Nagar,Data Insufficient
Chennai,Ashthinapuram,Data Insufficient
Chennai,Athipatttu,Data Insufficient
Chennai,Ayakolathur,Data Insufficient
Chennai,Balavinayagar Nagar,Data Insufficient
Chennai,Besant Nagar,Data Insufficient
Chennai,Bharathi Nagar,Data Insufficient
Chennai,CIT Nagar,Data Insufficient
Chennai,Chelliamma Nagar,Data Insufficient
Chennai,Chembarambakkam,Data Insufficient
Chennai,Chennai Port Trust,Data Insufficient
Chennai,Chetpet,Data Insufficient
Chennai,Cheyur,Data Insufficient
Chennai,Chikkarayapuram,Data Insufficient
Chennai,Chitlapakkam,Data Insufficient
Chennai,Cholambedu,Data Insufficient
Chennai,Choolai,Data Insufficient
Chennai,Dharkast,Data Insufficient
Chennai,Edaikazhinadu,Data Insufficient
Chennai,Egattur,Data Insufficient
Chennai,Egmore,Data Insufficient
Chennai,Ennore,Data Insufficient
Chennai,Gandhi Nagar,Data Insufficient
Chennai,George Town,Data Insufficient
Chennai,Guindy,Data Insufficient
Chennai,Hirco Palace Gardens,Data Insufficient
Chennai,Injambakkam,Data Insufficient
Chennai,Irandankattalai,Data Insufficient
Chennai,Irumbuliyur,Data Insufficient
Chennai,Irungattukottai,Data Insufficient
Chennai,Jalladian Pet,Data Insufficient
Chennai,Jamalia,Data Insufficient
Chennai,Janappanchatram,Data Insufficient
Chennai,Jeevan Prakash Nagar,Data Insufficient
Chennai,Jeth Nagar,Data Insufficient
Chennai,Kadalur,Data Insufficient
Chennai,Kalavakkam,Data Insufficient
Chennai,Kalipathur,Data Insufficient
Chennai,Kalpakkam,Data Insufficient
Chennai,Kanchipuram,Data Insufficient
Chennai,Kandigai,Data Insufficient
Chennai,Kannathur Reddy Kuppam,Data Insufficient
Chennai,Kannivakkam,Data Insufficient
Chennai,Karanai Puthuchery,Data Insufficient
Chennai,Karapakkam,Data Insufficient
Chennai,Karayanchavadi,Data Insufficient
Chennai,Kasturi Bai Nagar,Data Insufficient
Chennai,Kattur,Data Insufficient
Chennai,Kayarambedu,Data Insufficient
Chennai,Keerapakkam,Data Insufficient
Chennai,Kilapakkam,Data Insufficient
Chennai,Kodungaiyur East,Data Insufficient
Chennai,Kosappur,Data Insufficient
Chennai,Kottavakkam,Data Insufficient
Chennai,Kovilambakkam,Data Insufficient
Chennai,Kovur,Data Insufficient
Chennai,Koyambedu,Data Insufficient
Chennai,Kulattur,Data Insufficient
Chennai,Kumuzhi R.F.,Data Insufficient
Chennai,Kuthambakkam,Data Insufficient
Chennai,Madhavaram,Data Insufficient
Chennai,Madhavaram Milk Colony,Data Insufficient
Chennai,Madurantakam,Data Insufficient
Chennai,Mahabalipuram,Data Insufficient
Chennai,Mambakkam,Data Insufficient
Chennai,Manapakkam,Data Insufficient
Chennai,Manimangalam,Data Insufficient
Chennai,Mannivakkam,Data Insufficient
Chennai,Maraimalai Nagar Part,Data Insufficient
Chennai,Mathur,Data Insufficient
Chennai,Meenambakkam,Data Insufficient
Chennai,Melakottaiyur,Data Insufficient
Chennai,Mevalurkuppam,Data Insufficient
Chennai,Minjur,Data Insufficient
Chennai,Moolakadai,Data Insufficient
Chennai,Moulivakkam,Data Insufficient
Chennai,Mugalivakkam,Data Insufficient
Chennai,NRI Center City,Data Insufficient
Chennai,Nadukuthagai,Data Insufficient
Chennai,Nallambakkam,Data Insufficient
Chennai,Nallur,Data Insufficient
Chennai,Nandambakkam,Data Insufficient
Chennai,Nanganallur,Data Insufficient
Chennai,Navalur,Data Insufficient
Chennai,Nayapakkam,Data Insufficient
Chennai,Nedunkundram,Data Insufficient
Chennai,Nemilicheri,Data Insufficient
Chennai,Nemmeli,Data Insufficient
Chennai,Nesapakkam,Data Insufficient
Chennai,Old Pallavaram,Data Insufficient
Chennai,Old Washermanpet,Data Insufficient
Chennai,Othivakkam R.F.,Data Insufficient
Chennai,Ottiambakkam,Data Insufficient
Chennai,Padi,Data Insufficient
Chennai,Palur,Data Insufficient
Chennai,Panaiyur,Data Insufficient
Chennai,Paranur,Data Insufficient
Chennai,Pazhanthandalam,Data Insufficient
Chennai,Pazhavanthangal,Data Insufficient
Chennai,Peerakankaranai,Data Insufficient
Chennai,Pennalur,Data Insufficient
Chennai,Periyamet,Data Insufficient
Chennai,Periyapalayam,Data Insufficient
Chennai,Perumalpattu,Data Insufficient
Chennai,Perumanttunallur,Data Insufficient
Chennai,Perumathunallur,Data Insufficient
Chennai,Ponneri,Data Insufficient
Chennai,Ponniammanmedu,Data Insufficient
Chennai,Pulianthope,Data Insufficient
Chennai,Ramalingapuram,Data Insufficient
Chennai,Rathinamangalam,Data Insufficient
Chennai,Royapettah,Data Insufficient
Chennai,Royappa Nagar,Data Insufficient
Chennai,Royapuram,Data Insufficient
Chennai,Salavankuppam,Data Insufficient
Chennai,Santhome,Data Insufficient
Chennai,Sevlimedu,Data Insufficient
Chennai,Sevvapet,Data Insufficient
Chennai,Shenoy Nagar,Data Insufficient
Chennai,Sikkarayapuram,Data Insufficient
Chennai,Siruniam,Data Insufficient
Chennai,Siruseri,Data Insufficient
Chennai,Somangalam,Data Insufficient
Chennai,Sriperumbudur,Data Insufficient
Chennai,St Thomas Mount,Data Insufficient
Chennai,Tambaram,Data Insufficient
Chennai,Tambaram East,Data Insufficient
Chennai,Tambaram Sanatoruim,Data Insufficient
Chennai,Teynampet,Data Insufficient
Chennai,Thaiyur,Data Insufficient
Chennai,Thalambur,Data Insufficient
Chennai,Tharamani,Data Insufficient
Chennai,Thirukovilur,Data Insufficient
Chennai,Thirumazhisai,Data Insufficient
Chennai,Thirumudivakkam,Data Insufficient
Chennai,Thirunindravur,Data Insufficient
Chennai,Thiruthani,Data Insufficient
Chennai,Thiruthavali,Data Insufficient
Chennai,Thiruvellavoyal,Data Insufficient
Chennai,Thiruvidandhai,Data Insufficient
Chennai,Thodukadu,Data Insufficient
Chennai,Thousand Lights,Data Insufficient
Chennai,Tirusulam,Data Insufficient
Chennai,Tondiarpet,Data Insufficient
Chennai,Umayalparamancheri,Data Insufficient
Chennai,Unamancheri,Data Insufficient
Chennai,Vada Nemmeli,Data Insufficient
Chennai,Vadamelpakkam,Data Insufficient
Chennai,Vallakkottai,Data Insufficient
Chennai,Vanagaram,Data Insufficient
Chennai,Varadharajapuram,Data Insufficient
Chennai,Vayalur,Data Insufficient
Chennai,Veerapuram,Data Insufficient
Chennai,Velappanchavadi,Data Insufficient
Chennai,Vengabakkam,Data Insufficient
Chennai,Vengadamangalam,Data Insufficient
Chennai,Vengaivasal,Data Insufficient
Chennai,Vengambakkam,Data Insufficient
Chennai,Vengathur,Data Insufficient
Chennai,Villivalam,Data Insufficient
Chennai,Washermanpet,Data Insufficient
Hyderabad,Abids,Data Insufficient
Hyderabad,Adibatla,Data Insufficient
Hyderabad,Adikmet,Data Insufficient
Hyderabad,Ahmedguda,Data Insufficient
Hyderabad,Almasguda,Data Insufficient
Hyderabad,Alwal,Data Insufficient
Hyderabad,Amberpet,Data Insufficient
Hyderabad,Annojiguda,Data Insufficient
Hyderabad,Auto Nagar,Data Insufficient
Hyderabad,B N Reddy Nagar,Data Insufficient
Hyderabad,Badesahebguda,Data Insufficient
Hyderabad,Bahadurpally,Data Insufficient
Hyderabad,Balaji Nagar,Data Insufficient
Hyderabad,Balapur,Data Insufficient
Hyderabad,Banjara Hills,Data Insufficient
Hyderabad,Begumpet,Data Insufficient
Hyderabad,Bhuvanagiri,Data Insufficient
Hyderabad,Bogaram,Data Insufficient
Hyderabad,Bollaram Industrial Area,Data Insufficient
Hyderabad,Bowrampet,Data Insufficient
Hyderabad,Budvel,Data Insufficient
Hyderabad,Chanakyapuri,Data Insufficient
Hyderabad,Chandrayangutta,Data Insufficient
Hyderabad,Chengicherla,Data Insufficient
Hyderabad,Chintalmet,Data Insufficient
Hyderabad,Dilsukh Nagar,Data Insufficient
Hyderabad,Dr A S Rao Nagar Colony,Data Insufficient
Hyderabad,Dundigal,Data Insufficient
Hyderabad,Erragadda,Data Insufficient
Hyderabad,Gandi Maisamma,Data Insufficient
Hyderabad,Gandipet,Data Insufficient
Hyderabad,Gopanapalli,Data Insufficient
Hyderabad,Gowdavalli,Data Insufficient
Hyderabad,Gundlapochampalli,Data Insufficient
Hyderabad,Happy Homes Colony,Data Insufficient
Hyderabad,Hastinapuram,Data Insufficient
Hyderabad,Hayathnagar,Data Insufficient
Hyderabad,Himayath Nagar,Data Insufficient
Hyderabad,Himayathsagar,Data Insufficient
Hyderabad,Hitech City,Data Insufficient
Hyderabad,Hyder Nagar,Data Insufficient
Hyderabad,Hyderguda,Data Insufficient
Hyderabad,IDA Pashamylaram,Data Insufficient
Hyderabad,Ibrahim Bagh,Data Insufficient
Hyderabad,Indresham,Data Insufficient
Hyderabad,Isnapur,Data Insufficient
Hyderabad,Jadcherla,Data Insufficient
Hyderabad,Jeedimetla,Data Insufficient
Hyderabad,Jubilee Hills,Data Insufficient
Hyderabad,Kachiguda,Data Insufficient
Hyderabad,Karkhana,Data Insufficient
Hyderabad,Karmanghat,Data Insufficient
Hyderabad,Karwan,Data Insufficient
Hyderabad,Keesara,Data Insufficient
Hyderabad,Kismatpur,Data Insufficient
Hyderabad,Kistareddypet,Data Insufficient
Hyderabad,Krishna Reddy Pet,Data Insufficient
Hyderabad,Kushaiguda,Data Insufficient
Hyderabad,LB Nagar,Data Insufficient
Hyderabad,Laxmiguda,Data Insufficient
Hyderabad,Madhapur,Data Insufficient
Hyderabad,Malakpet,Data Insufficient
Hyderabad,Malkajgiri,Data Insufficient
Hyderabad,Mallampet,Data Insufficient
Hyderabad,Mallapur,Data Insufficient
Hyderabad,Manchirevula,Data Insufficient
Hyderabad,Manneguda,Data Insufficient
Hyderabad,Medchal,Data Insufficient
Hyderabad,Meerpet,Data Insufficient
Hyderabad,Mehdipatnam,Data Insufficient
Hyderabad,Mettakanigudem,Data Insufficient
Hyderabad,Mokila,Data Insufficient
Hyderabad,Moosapet,Data Insufficient
Hyderabad,Moula Ali,Data Insufficient
Hyderabad,Muthangi,Data Insufficient
Hyderabad,Nacharam,Data Insufficient
Hyderabad,Nadergul,Data Insufficient
Hyderabad,Nagaram,Data Insufficient
Hyderabad,Nagole,Data Insufficient
Hyderabad,Nallagandla,Data Insufficient
Hyderabad,Nallakunta,Data Insufficient
Hyderabad,Neeladri Nagar,Data Insufficient
Hyderabad,Neknampur,Data Insufficient
Hyderabad,Neredmet,Data Insufficient
Hyderabad,New Malakpet,Data Insufficient
Hyderabad,Old Malakpet,Data Insufficient
Hyderabad,Padmarao Nagar,Data Insufficient
Hyderabad,Patancheru,Data Insufficient
Hyderabad,Peerzadiguda,Data Insufficient
Hyderabad,Pocharam,Data Insufficient
Hyderabad,Premavathi Pet,Data Insufficient
Hyderabad,Punjagutta,Data Insufficient
Hyderabad,Quthbullapur,Data Insufficient
Hyderabad,Qutub Shahi Tombs,Data Insufficient
Hyderabad,Rajendra Nagar,Data Insufficient
Hyderabad,Sainikpuri,Data Insufficient
Hyderabad,Sanath Nagar,Data Insufficient
Hyderabad,Santosh Nagar,Data Insufficient
Hyderabad,Sathamrai Village,Data Insufficient
Hyderabad,Sayeedabad,Data Insufficient
Hyderabad,Shankarpally,Data Insufficient
Hyderabad,Sivarampalli,Data Insufficient
Hyderabad,Somajiguda,Data Insufficient
Hyderabad,SriNagar Colony,Data Insufficient
Hyderabad,Suraram,Data Insufficient
Hyderabad,Tarnaka,Data Insufficient
Hyderabad,Tellapur,Data Insufficient
Hyderabad,Thumukunta,Data Insufficient
Hyderabad,Togarpally,Data Insufficient
Hyderabad,Toli Chowki,Data Insufficient
Hyderabad,Tukkuguda,Data Insufficient
Hyderabad,Uppal,Data Insufficient
Hyderabad,Upparpally,Data Insufficient
Hyderabad,Vanasthalipuram,Data Insufficient
Hyderabad,Venkusa Estates,Data Insufficient
Hyderabad,Whisper Valley,Data Insufficient
Hyderabad,Yella Reddy Guda,Data Insufficient
Kolkata,Abdalpur,Data Insufficient
Kolkata,Arapanch,Data Insufficient
Kolkata,Asharafabad Government Colony,Data Insufficient
Kolkata,Ashok Nagar,Data Insufficient
Kolkata,Aurobindo Park,Data Insufficient
Kolkata,Babanpur,Data Insufficient
Kolkata,Bagmari,Data Insufficient
Kolkata,Bamunpara,Data Insufficient
Kolkata,Bangaon,Data Insufficient
Kolkata,Bantala,Data Insufficient
Kolkata,Barisha,Data Insufficient
Kolkata,Baruipur P,Data Insufficient
Kolkata,Basina,Data Insufficient
Kolkata,Basirhat,Data Insufficient
Kolkata,Behala Chowrasta,Data Insufficient
Kolkata,Beniapukur,Data Insufficient
Kolkata,Berunanpukhuria,Data Insufficient
Kolkata,Bhatpara,Data Insufficient
Kolkata,Bhowanipore,Data Insufficient
Kolkata,Bow Bazaar,Data Insufficient
Kolkata,Chandpara,Data Insufficient
Kolkata,Chotto Chandpur,Data Insufficient
Kolkata,Cossipore,Data Insufficient
Kolkata,Dakshindari,Data Insufficient
Kolkata,Dakshineswar,Data Insufficient
Kolkata,Deshbandhu Nagar,Data Insufficient
Kolkata,Duttapukur,Data Insufficient
Kolkata,East Kolkata Township,Data Insufficient
Kolkata,Elgin,Data Insufficient
Kolkata,Entally,Data Insufficient
Kolkata,Garfa,Data Insufficient
Kolkata,Gariahat,Data Insufficient
Kolkata,Gobra,Data Insufficient
Kolkata,Halisahar,Data Insufficient
Kolkata,Hanspukuria,Data Insufficient
Kolkata,Hariharpur,Data Insufficient
Kolkata,Hastings,Data Insufficient
Kolkata,Hedua,Data Insufficient
Kolkata,Ichapur,Data Insufficient
Kolkata,Jagatipota,Data Insufficient
Kolkata,Jorabagan,Data Insufficient
Kolkata,Kalagachhia,Data Insufficient
Kolkata,Kalyani,Data Insufficient
Kolkata,Kamalgazi,Data Insufficient
Kolkata,Kamdahari,Data Insufficient
Kolkata,Kashipur,Data Insufficient
Kolkata,Kazipara,Data Insufficient
Kolkata,Khidirpur,Data Insufficient
Kolkata,Krolbaria,Data Insufficient
Kolkata,Kustia,Data Insufficient
Kolkata,Kutighat,Data Insufficient
Kolkata,Lake Gardens,Data Insufficient
Kolkata,Makrampur,Data Insufficient
Kolkata,Mandirtala,Data Insufficient
Kolkata,Maniktala,Data Insufficient
Kolkata,Metiabruz,Data Insufficient
Kolkata,Milan Pally,Data Insufficient
Kolkata,Mundapara,Data Insufficient
Kolkata,Narayantala,Data Insufficient
Kolkata,Narkeldanga,Data Insufficient
Kolkata,Natagarh,Data Insufficient
Kolkata,Natunhat,Data Insufficient
Kolkata,New Garia,Data Insufficient
Kolkata,Panchpota,Data Insufficient
Kolkata,Panihati,Data Insufficient
Kolkata,Pansila,Data Insufficient
Kolkata,Park Street Area,Data Insufficient
Kolkata,Parnasree Pally,Data Insufficient
Kolkata,Paschim Chowbaga,Data Insufficient
Kolkata,Patuli,Data Insufficient
Kolkata,Picnic Garden,Data Insufficient
Kolkata,Prince Anwar Shah Connector,Data Insufficient
Kolkata,Raghunathpur,Data Insufficient
Kolkata,Raja Bazar,Data Insufficient
Kolkata,Ramchandrapur,Data Insufficient
Kolkata,Roychak,Data Insufficient
Kolkata,Ruiya,Data Insufficient
Kolkata,Saduli,Data Insufficient
Kolkata,Sarada Pally,Data Insufficient
Kolkata,Sewli Telinipara,Data Insufficient
Kolkata,Shibrampur Mauza,Data Insufficient
Kolkata,Shyambazar,Data Insufficient
Kolkata,Shyamnagar,Data Insufficient
Kolkata,Tagore Park,Data Insufficient
Kolkata,Tala,Data Insufficient
Kolkata,Talbanda,Data Insufficient
Kolkata,Taltala,Data Insufficient
Kolkata,Taratala,Data Insufficient
Kolkata,Tiljala,Data Insufficient
Kolkata,Titagarh,Data Insufficient
Kolkata,Topsia,Data Insufficient
Kolkata,Uttar Gauripur,Data Insufficient
Kolkata,VIP Nagar,Data Insufficient
Kolkata,Vedic Village,Data Insufficient
Kolkata,Watganj,Data Insufficient
Mumbai,Agripada,Data Insufficient
Mumbai,Anushakti Nagar,Data Insufficient
Mumbai,Asalpha,Data Insufficient
Mumbai,Chinchpokli,Data Insufficient
Mumbai,Colaba,Data Insufficient
Mumbai,Cuffe Parade,Data Insufficient
Mumbai,Cumballa Hill,Data Insufficient
Mumbai,Dadar East,Data Insufficient
Mumbai,Dharamveer Nagar,Data Insufficient
Mumbai,Dharavi,Data Insufficient
Mumbai,Fort,Data Insufficient
Mumbai,Gamdevi,Data Insufficient
Mumbai,Ghodbander,Data Insufficient
Mumbai,Gorai,Data Insufficient
Mumbai,Kalbadevi,Data Insufficient
Mumbai,Kamathipura,Data Insufficient
Mumbai,Kanjurmarg East,Data Insufficient
Mumbai,Kanjurmarg West,Data Insufficient
Mumbai,Khar East,Data Insufficient
Mumbai,Madanpura,Data Insufficient
Mumbai,Madh,Data Insufficient
Mumbai,Malabar Hill,Data Insufficient
Mumbai,Mankhurd,Data Insufficient
Mumbai,Marine Lines,Data Insufficient
Mumbai,Masjid Bandar,Data Insufficient
Mumbai,Mumbai Central,Data Insufficient
Mumbai,Nagpada,Data Insufficient
Mumbai,Shivaji Nagar,Data Insufficient
Mumbai,Trombay,Data Insufficient
Mumbai,Umerkhadi,Data Insufficient
Mumbai,Uttan,Data Insufficient
Mumbai,Vile Parle West,Data Insufficient
Mumbai,Wadala East,Data Insufficient
New Delhi,Ajaib,Data Insufficient
New Delhi,Alaknanda,Data Insufficient
New Delhi,Ali,Data Insufficient
New Delhi,Alipur Village,Data Insufficient
New Delhi,Anand Niketan,Data Insufficient
New Delhi,Anand Parbat,Data Insufficient
New Delhi,Arjun Nagar,Data Insufficient
New Delhi,Ashok Nagar,Data Insufficient
New Delhi,Bali Nagar,Data Insufficient
New Delhi,Bankner,Data Insufficient
New Delhi,Bankoli Village,Data Insufficient
New Delhi,Barakhamba,Data Insufficient
New Delhi,Barwala,Data Insufficient
New Delhi,Bawana,Data Insufficient
New Delhi,Begumpur,Data Insufficient
New Delhi,Behta Hazipur,Data Insufficient
New Delhi,Ber Sarai,Data Insufficient
New Delhi,Bharat Vihar,Data Insufficient
New Delhi,Bijwasan,Data Insufficient
New Delhi,Budhpur Bijapur Village,Data Insufficient
New Delhi,Central Secretariat,Data Insufficient
New Delhi,Chandan Hola,Data Insufficient
New Delhi,Chandpur Village,Data Insufficient
New Delhi,Chandra Park,Data Insufficient
New Delhi,Chatesar,Data Insufficient
New Delhi,Chirag Dilli,Data Insufficient
New Delhi,Chittaranjan Park,Data Insufficient
New Delhi,Civil Lines,Data Insufficient
New Delhi,DLF Farms,Data Insufficient
New Delhi,Dashrath Puri,Data Insufficient
New Delhi,Defence Colony,Data Insufficient
New Delhi,Delhi Cantonment,Data Insufficient
New Delhi,Delhi Race Club,Data Insufficient
New Delhi,Dhul Siras,Data Insufficient
New Delhi,Fateh Nagar,Data Insufficient
New Delhi,Fatehpur Beri,Data Insufficient
New Delhi,GTB Nagar,Data Insufficient
New Delhi,Garhi,Data Insufficient
New Delhi,Ghevra,Data Insufficient
New Delhi,Govindpuri Extension,Data Insufficient
New Delhi,Gujranwala Town,Data Insufficient
New Delhi,Gulabi Bagh,Data Insufficient
New Delhi,Gulmohar Park,Data Insufficient
New Delhi,Haibutpur,Data Insufficient
New Delhi,Haiderpur,Data Insufficient
New Delhi,Hamidpur Village,Data Insufficient
New Delhi,Hari Nagar Ashram,Data Insufficient
New Delhi,Hauz Khas,Data Insufficient
New Delhi,Holambi Kalan,Data Insufficient
New Delhi,Ibrahimpur,Data Insufficient
New Delhi,Inder Puri,Data Insufficient
New Delhi,Indira Gandhi International Airport,Data Insufficient
New Delhi,Iradat Nagar,Data Insufficient
New Delhi,Jaffarpur Kalan,Data Insufficient
New Delhi,Jangpura,Data Insufficient
New Delhi,Jaunti,Data Insufficient
New Delhi,Jharoda Majra Burari,Data Insufficient
New Delhi,Johripur,Data Insufficient
New Delhi,Kadipur Village,Data Insufficient
New Delhi,Kalkaji Extension,Data Insufficient
New Delhi,Kalu Sarai,Data Insufficient
New Delhi,Kalyan Vihar,Data Insufficient
New Delhi,Kamla Nagar,Data Insufficient
New Delhi,Kamruddin Nagar,Data Insufficient
New Delhi,Kanjhawala Village,Data Insufficient
New Delhi,Kapashera,Data Insufficient
New Delhi,Kashmere Gate,Data Insufficient
New Delhi,Katwaria Sarai,Data Insufficient
New Delhi,Kishan Ganj,Data Insufficient
New Delhi,Krishan Vihar,Data Insufficient
New Delhi,Lado Sarai,Data Insufficient
New Delhi,Lal Kuan,Data Insufficient
New Delhi,Madanpur Dabas,Data Insufficient
New Delhi,Madanpur Khadar,Data Insufficient
New Delhi,Maharani Bagh,Data Insufficient
New Delhi,Malka Ganj,Data Insufficient
New Delhi,Mandi,Data Insufficient
New Delhi,Mangolpuri,Data Insufficient
New Delhi,Mansa Ram Park,Data Insufficient
New Delhi,Mansarover Garden,Data Insufficient
New Delhi,Masjid Moth Village,Data Insufficient
New Delhi,Mayapuri,Data Insufficient
New Delhi,Mithapur,Data Insufficient
New Delhi,Molarband,Data Insufficient
New Delhi,Moti Nagar,Data Insufficient
New Delhi,Mubarakpur Dabas,Data Insufficient
New Delhi,Mukundpur,Data Insufficient
New Delhi,Munirka,Data Insufficient
New Delhi,Najafgarh Road Industrial Area,Data Insufficient
New Delhi,Nangli Vihar,Data Insufficient
New Delhi,Neeti Bagh,Data Insufficient
New Delhi,New Friends Colony,Data Insufficient
New Delhi,New Mustafabad,Data Insufficient
New Delhi,Nizamuddin East,Data Insufficient
New Delhi,Okhla,Data Insufficient
New Delhi,Panchsheel Park,Data Insufficient
New Delhi,Pooth Kalan,Data Insufficient
New Delhi,Punjab Khor,Data Insufficient
New Delhi,Puth Khurd,Data Insufficient
New Delhi,Radhey Mohan Drive,Data Insufficient
New Delhi,Ramesh Nagar,Data Insufficient
New Delhi,Rampur,Data Insufficient
New Delhi,Rani Khera,Data Insufficient
New Delhi,Ranjeet Nagar,Data Insufficient
New Delhi,Rithala,Data Insufficient
New Delhi,Rohini Extension,Data Insufficient
New Delhi,Sabhapur,Data Insufficient
New Delhi,Saboli,Data Insufficient
New Delhi,Sadar Bazaar,Data Insufficient
New Delhi,Sainik Farm,Data Insufficient
New Delhi,Saket,Data Insufficient
New Delhi,Samalka,Data Insufficient
New Delhi,Samay Pur,Data Insufficient
New Delhi,Sarai Rohilla,Data Insufficient
New Delhi,Sarvodaya Enclave,Data Insufficient
New Delhi,Sat Bari,Data Insufficient
New Delhi,Sector 1 Dwarka,Data Insufficient
New Delhi,Sector 1 Rohini,Data Insufficient
New Delhi,Sector 10 Dwarka,Data Insufficient
New Delhi,Sector 11 Rohini,Data Insufficient
New Delhi,Sector 13 Dwarka,Data Insufficient
New Delhi,Sector 15 Dwarka,Data Insufficient
New Delhi,Sector 16 Dwarka,Data Insufficient
New Delhi,Sector 17 Dwarka,Data Insufficient
New Delhi,Sector 18 Dwarka,Data Insufficient
New Delhi,Sector 19 Rohini,Data Insufficient
New Delhi,Sector 2 Dwarka,Data Insufficient
New Delhi,Sector 2 Rohini,Data Insufficient
New Delhi,Sector 20 Rohini,Data Insufficient
New Delhi,Sector 21 Rohini,Data Insufficient
New Delhi,Sector 23 Dwarka,Data Insufficient
New Delhi,Sector 23 Rohini,Data Insufficient
New Delhi,Sector 24 Dwarka,Data Insufficient
New Delhi,Sector 24 Rohini,Data Insufficient
New Delhi,Sector 27 Dwarka,Data Insufficient
New Delhi,Sector 31 Rohini,Data Insufficient
New Delhi,Sector 36 Rohini,Data Insufficient
New Delhi,Sector 38 Rohini,Data Insufficient
New Delhi,Sector 5 Dwarka,Data Insufficient
New Delhi,Sector 6 Dwarka,Data Insufficient
New Delhi,Sector 7 Dwarka,Data Insufficient
New Delhi,Sector 8 Dwarka,Data Insufficient
New Delhi,Seemapuri,Data Insufficient
New Delhi,Sewa Nagar,Data Insufficient
New Delhi,Shadipur,Data Insufficient
New Delhi,Shahabad Mohammadpur,Data Insufficient
New Delhi,Shakti Nagar,Data Insufficient
New Delhi,Siraspur,Data Insufficient
New Delhi,Siri Fort,Data Insufficient
New Delhi,Sitapuri,Data Insufficient
New Delhi,South Extension II,Data Insufficient
New Delhi,Sri Niwaspuri,Data Insufficient
New Delhi,Sudarshan Park,Data Insufficient
New Delhi,Sukhdev Vihar,Data Insufficient
New Delhi,Sultanpur,Data Insufficient
New Delhi,Sultanpuri,Data Insufficient
New Delhi,Sunlight Colony,Data Insufficient
New Delhi,Suraj Vihar,Data Insufficient
New Delhi,Surajmal Vihar,Data Insufficient
New Delhi,Swasthya Vihar,Data Insufficient
New Delhi,Tara Nagar,Data Insufficient
New Delhi,Tihar Village,Data Insufficient
New Delhi,Timarpur,Data Insufficient
New Delhi,Tis Hazari,Data Insufficient
New Delhi,Todapur,Data Insufficient
New Delhi,Vasant Vihar,Data Insufficient
New Delhi,Vasundhara Enclave,Data Insufficient
New Delhi,Vikram Nagar,Data Insufficient
New Delhi,Vinod Nagar East,Data Insufficient
New Delhi,Vinod Nagar West,Data Insufficient
New Delhi,Vivek Vihar,Data Insufficient
Pune,Aambethan,Data Insufficient
Pune,Agarkar Nagar,Data Insufficient
Pune,Ale,Data Insufficient
Pune,Ashok Nagar,Data Insufficient
Pune,Awhalwadi,Data Insufficient
Pune,Bhamboli,Data Insufficient
Pune,Bhawadi,Data Insufficient
Pune,Bhilarewadi,Data Insufficient
Pune,Bhoirwadi,Data Insufficient
Pune,Budhwar Peth,Data Insufficient
Pune,Chandoli,Data Insufficient
Pune,Chimbali,Data Insufficient
Pune,Deccan Gymkhana,Data Insufficient
Pune,Dehu Road Cantonment,Data Insufficient
Pune,Deulgoan Gada,Data Insufficient
Pune,Devadi,Data Insufficient
Pune,Diwad,Data Insufficient
Pune,Dudulgaon,Data Insufficient
Pune,Erandwane,Data Insufficient
Pune,Ganeshkhind,Data Insufficient
Pune,Ganj Peth,Data Insufficient
Pune,Gorhe Bk.,Data Insufficient
Pune,Guru Nanak Nagar,Data Insufficient
Pune,Indapur,Data Insufficient
Pune,Jalochi,Data Insufficient
Pune,Junnar,Data Insufficient
Pune,Kapurhol,Data Insufficient
Pune,Karegaon,Data Insufficient
Pune,Kasarsai,Data Insufficient
Pune,Kashewadi,Data Insufficient
Pune,Katad Khana,Data Insufficient
Pune,Katarkhadak,Data Insufficient
Pune,Kolwadi,Data Insufficient
Pune,Koregaon Mul,Data Insufficient
Pune,Kunjirwadi,Data Insufficient
Pune,Kusgaon Kh.,Data Insufficient
Pune,Lavasa,Data Insufficient
Pune,Lulla Nagar,Data Insufficient
Pune,Maan,Data Insufficient
Pune,Magarpatta City,Data Insufficient
Pune,Maharshi Nagar,Data Insufficient
Pune,Malegaon Budruk,Data Insufficient
Pune,Manchar,Data Insufficient
Pune,Mangadewadi,Data Insufficient
Pune,Manjari Khurd,Data Insufficient
Pune,Manter Wadi,Data Insufficient
Pune,Modi Colony,Data Insufficient
Pune,Morwadi,Data Insufficient
Pune,Mountbatan Camp,Data Insufficient
Pune,Mukund Nagar,Data Insufficient
Pune,Mulshi,Data Insufficient
Pune,Nande,Data Insufficient
Pune,Narayan Peth,Data Insufficient
Pune,Nighoje,Data Insufficient
Pune,Otur,Data Insufficient
Pune,Panshet,Data Insufficient
Pune,Patas,Data Insufficient
Pune,Patil Nagar,Data Insufficient
Pune,Range Hill Estate,Data Insufficient
Pune,Ranjangaon MIDC,Data Insufficient
Pune,Sadar Bazaar,Data Insufficient
Pune,Saiv Bk.,Data Insufficient
Pune,Sangurdi Gaon,Data Insufficient
Pune,Shelgaon,Data Insufficient
Pune,Shiroli,Data Insufficient
Pune,Sonapur,Data Insufficient
Pune,Swargate,Data Insufficient
Pune,Talwade,Data Insufficient
Pune,Theur,Data Insufficient
Pune,Tingre Nagar,Data Insufficient
Pune,Tulapur,Data Insufficient
Pune,Vadhu Budruk,Data Insufficient
Pune,Varale,Data Insufficient
Pune,Varve Budruk,Data Insufficient
Pune,Vikas Nagar,Data Insufficient
Pune,Wadaki,Data Insufficient
Pune,Wadarvadi,Data Insufficient
Pune,Wadegaon,Data Insufficient
Pune,Wagajwadi,Data Insufficient
Pune,Wakhari,Data Insufficient
Pune,Wanwadi,Data Insufficient
Pune,Yavat,Data Insufficient
